{
  "calibration": {
    "fraction_of_positives": [
      0.6,
      0.4166666666666667,
      0.4857142857142857,
      0.6551724137931034,
      0.6901408450704225,
      0.6
    ],
    "mean_predicted": [
      0.0010000000474974513,
      0.3870967626571655,
      0.4888888895511627,
      0.6290322542190552,
      0.7313074394011162,
      0.8540318727493286
    ],
    "ece": 0.15884718907549186,
    "brier": 0.2422725572349016,
    "auc": 0.613083902766887,
    "logloss": 0.7491816135323869,
    "n_samples": 192
  },
  "shap_importance": {
    "entry_odds": 0.558624,
    "contest_urgency": 0.156664,
    "depth_ratio": 0.133155,
    "tfm_value": 0.130036,
    "obi_vol_interaction": 0.03901
  },
  "ev_simulation": {
    "n_total": 192,
    "n_underdog": 0,
    "n_executed": 0,
    "underdog_cutoff": 0.3,
    "ev_threshold": 0.04,
    "win_rate": 0.0,
    "avg_ev": 0.0,
    "median_ev": 0.0,
    "avg_odds": 0.0,
    "avg_p_win": 0.0,
    "total_pnl": 0.0,
    "avg_pnl_per_bet": 0.0,
    "max_drawdown": 0.0,
    "peak_pnl": 0.0,
    "sharpe_ratio": null,
    "pnl_curve": []
  },
  "classification_report": {
    "0": {
      "precision": 0.5172413793103449,
      "recall": 0.569620253164557,
      "f1-score": 0.5421686746987951,
      "support": 79.0
    },
    "1": {
      "precision": 0.6761904761904762,
      "recall": 0.6283185840707964,
      "f1-score": 0.6513761467889908,
      "support": 113.0
    },
    "accuracy": 0.6041666666666666,
    "macro avg": {
      "precision": 0.5967159277504106,
      "recall": 0.5989694186176767,
      "f1-score": 0.596772410743893,
      "support": 192.0
    },
    "weighted avg": {
      "precision": 0.6107895457033389,
      "recall": 0.6041666666666666,
      "f1-score": 0.6064418223352124,
      "support": 192.0
    }
  }
}