{
  "calibration": {
    "fraction_of_positives": [
      0.27522935779816515,
      0.0,
      0.7142857142857143,
      0.8611111111111112,
      1.0
    ],
    "mean_predicted": [
      0.2715422144723595,
      0.3104736804962158,
      0.47402598176683697,
      0.7659239172935486,
      0.8372319605615404
    ],
    "ece": 0.16247515791938422,
    "brier": 0.17639589863478256,
    "auc": 0.7763984674329503,
    "logloss": 0.535287478089849,
    "n_samples": 162
  },
  "shap_importance": {
    "entry_odds": 0.601531,
    "contest_urgency": 0.196955,
    "depth_ratio": 0.193446,
    "tfm_value": 0.117724,
    "obi_vol_interaction": 0.073456
  },
  "ev_simulation": {
    "n_total": 162,
    "n_underdog": 49,
    "n_executed": 35,
    "underdog_cutoff": 0.3,
    "ev_threshold": 0.04,
    "win_rate": 0.0286,
    "avg_ev": 0.6172,
    "median_ev": 0.2914,
    "avg_odds": 0.1909,
    "avg_p_win": 0.2764,
    "total_pnl": -28.75,
    "avg_pnl_per_bet": -0.8214,
    "max_drawdown": -28.75,
    "peak_pnl": 4.25,
    "sharpe_ratio": -0.7889,
    "pnl_curve": [
      -1.0,
      4.25,
      3.25,
      2.25,
      1.25,
      0.25,
      -0.75,
      -1.75,
      -2.75,
      -3.75,
      -4.75,
      -5.75,
      -6.75,
      -7.75,
      -8.75,
      -9.75,
      -10.75,
      -11.75,
      -12.75,
      -13.75,
      -14.75,
      -15.75,
      -16.75,
      -17.75,
      -18.75,
      -19.75,
      -20.75,
      -21.75,
      -22.75,
      -23.75,
      -24.75,
      -25.75,
      -26.75,
      -27.75,
      -28.75
    ]
  },
  "classification_report": {
    "0": {
      "precision": 0.7105263157894737,
      "recall": 0.9310344827586207,
      "f1-score": 0.8059701492537313,
      "support": 87.0
    },
    "1": {
      "precision": 0.875,
      "recall": 0.56,
      "f1-score": 0.6829268292682927,
      "support": 75.0
    },
    "accuracy": 0.7592592592592593,
    "macro avg": {
      "precision": 0.7927631578947368,
      "recall": 0.7455172413793103,
      "f1-score": 0.744448489261012,
      "support": 162.0
    },
    "weighted avg": {
      "precision": 0.7866715399610137,
      "recall": 0.7592592592592593,
      "f1-score": 0.7490056492604728,
      "support": 162.0
    }
  }
}