{
  "obi_value": 0.09069184627579364,
  "tfm_value": 0.1850544221585515,
  "depth_ratio": 1.162971502849563,
  "obi_tfm_product": 0.04544472393322635,
  "obi_tfm_alignment": 1.0,
  "rv_value": 0.1742841834578067,
  "vol_percentile": 0.4053497942303425,
  "strike_distance_pct": 0.01669949235545475,
  "contest_urgency": 0.023087856835827848,
  "ttr_seconds": 172.353999,
  "odds_yes": 0.6,
  "odds_no": 0.41,
  "entry_odds": 0.49,
  "odds_yes_60s_ago": 0.52,
  "odds_delta_60s": 0.04,
  "spread_pct": 0.0104763162031429,
  "btc_return_1m": 6.525457320198099e-05,
  "confidence_score": 0.6195558303960709
}