{
  "obi_value": 0.0826979812538087,
  "tfm_value": 0.1283327313730712,
  "depth_ratio": 1.1579404668868305,
  "obi_tfm_product": 0.0362998233455597,
  "obi_tfm_alignment": 1.0,
  "rv_value": 0.1729326882687352,
  "vol_percentile": 0.3950617283869329,
  "strike_distance_pct": 0.02102,
  "contest_urgency": 0.0270253109163252,
  "ttr_seconds": 168.360146,
  "odds_yes": 0.59,
  "odds_no": 0.42,
  "entry_odds": 0.51,
  "odds_yes_60s_ago": 0.52,
  "odds_delta_60s": 0.03,
  "spread_pct": 0.0067923551250862,
  "btc_return_1m": 9.231695513624264e-05,
  "confidence_score": 0.6411652964763197
}