{
  "version": "20260505_124112",
  "saved_at": "2026-05-05T12:41:14Z",
  "feature_names": [
    "entry_odds",
    "depth_ratio",
    "contest_urgency",
    "tfm_value",
    "obi_vol_interaction"
  ],
  "n_features": 5,
  "n_train": 274,
  "n_calib": 164,
  "best_iteration": 42,
  "metrics": {
    "calib_auc": 0.6774,
    "calib_brier": 0.1649,
    "calib_ece": 0.0
  },
  "cv": {
    "mean_auc": 0.7445,
    "std_auc": 0.103,
    "mean_brier": 0.2043,
    "oof_auc": 0.7361,
    "n_estimators_optimal": 143
  },
  "quality_gates": {
    "all_pass": true,
    "checks": {
      "auc_cv_min": {
        "value": 0.7445,
        "threshold": 0.6,
        "pass": true
      },
      "auc_cv_std": {
        "value": 0.103,
        "threshold": 0.08,
        "pass": false
      },
      "ece_calib": {
        "value": 0.0,
        "threshold": 0.05,
        "pass": true
      },
      "brier": {
        "value": 0.1649,
        "threshold": 0.26,
        "pass": true
      },
      "ece_test": {
        "value": 0.21648644379995485,
        "threshold": 0.2,
        "pass": false
      }
    }
  },
  "calib_curve": {
    "fraction_of_positives": [
      0.13095238095238096,
      0.2702702702702703,
      0.3684210526315789,
      0.4166666666666667
    ],
    "mean_predicted": [
      0.13095238405678952,
      0.27027027067300435,
      0.3684210479259491,
      0.416666670391957
    ]
  }
}