{
  "calibration": {
    "fraction_of_positives": [
      0.38461538461538464,
      0.5,
      1.0,
      0.7567567567567568,
      0.7647058823529411
    ],
    "mean_predicted": [
      0.42500001192092896,
      0.5569943558602106,
      0.6730237007141113,
      0.7666666507720947,
      0.8500000238418579
    ],
    "ece": 0.10391186359117968,
    "brier": 0.22050879111763558,
    "auc": 0.6623287671232876,
    "logloss": 0.6326060095802211,
    "n_samples": 123
  },
  "shap_importance": {
    "entry_odds": 0.492281,
    "contest_urgency": 0.09242,
    "obi_vol_interaction": 0.049221,
    "depth_ratio": 0.018844,
    "tfm_value": 0.001077
  },
  "ev_simulation": {
    "n_total": 123,
    "n_underdog": 0,
    "n_executed": 0,
    "underdog_cutoff": 0.3,
    "ev_threshold": 0.04,
    "win_rate": 0.0,
    "avg_ev": 0.0,
    "median_ev": 0.0,
    "avg_odds": 0.0,
    "avg_p_win": 0.0,
    "total_pnl": 0.0,
    "avg_pnl_per_bet": 0.0,
    "max_drawdown": 0.0,
    "peak_pnl": 0.0,
    "sharpe_ratio": null,
    "pnl_curve": []
  },
  "classification_report": {
    "0": {
      "precision": 0.6153846153846154,
      "recall": 0.32,
      "f1-score": 0.42105263157894735,
      "support": 50.0
    },
    "1": {
      "precision": 0.6494845360824743,
      "recall": 0.863013698630137,
      "f1-score": 0.7411764705882353,
      "support": 73.0
    },
    "accuracy": 0.6422764227642277,
    "macro avg": {
      "precision": 0.6324345757335448,
      "recall": 0.5915068493150685,
      "f1-score": 0.5811145510835913,
      "support": 123.0
    },
    "weighted avg": {
      "precision": 0.6356227797012308,
      "recall": 0.6422764227642277,
      "f1-score": 0.611044828714541,
      "support": 123.0
    }
  }
}